ID- Number,first_name,email
1,John,john-doe@bogusemail.com
2,Mary,maryjacobs@bogusemail.com
3,Dave,davesmith@bogusemail.com
4,Jane,janestuart@bogusemail.com
5,Tom,tomwright@bogusemail.com
6,Steve,steverobinson@bogusemail.com
7,Nicole,nicolejacobs@bogusemail.com
8,Jane,janewright@bogusemail.com
9,Jane,janedoe@bogusemail.com
10,Kurt,kurtwright@bogusemail.com
11,Kurt,kurtrobinson@bogusemail.com
12,Jane,janejenkins@bogusemail.com
13,Neil,neilrobinson@bogusemail.com
14,Tom,tompatterson@bogusemail.com
15,Sam,samjenkins@bogusemail.com
16,Steve,stevestuart@bogusemail.com
17,Maggie,maggiepatterson@bogusemail.com
18,Maggie,maggiestuart@bogusemail.com
19,Jane,janedoe@bogusemail.com
20,Steve,stevepatterson@bogusemail.com
21,Dave,davesmith@bogusemail.com
22,Sam,samwilks@bogusemail.com
23,Kurt,kurtjefferson@bogusemail.com
24,Sam,samstuart@bogusemail.com
25,Jane,janestuart@bogusemail.com
26,Dave,davedavis@bogusemail.com
27,Sam,sampatterson@bogusemail.com
28,Tom,tomjefferson@bogusemail.com
29,Jane,janestuart@bogusemail.com
30,Maggie,maggiejefferson@bogusemail.com
31,Mary,marywilks@bogusemail.com
32,Neil,neilpatterson@bogusemail.com
33,Corey,coreydavis@bogusemail.com
34,Steve,stevejacobs@bogusemail.com
35,Jane,janejenkins@bogusemail.com
36,John,johnjacobs@bogusemail.com
37,Neil,neilsmith@bogusemail.com
38,Corey,coreywilks@bogusemail.com
39,Corey,coreysmith@bogusemail.com
40,Mary,marypatterson@bogusemail.com
41,Jane,janestuart@bogusemail.com
42,Travis,travisarnold@bogusemail.com
43,John,johnrobinson@bogusemail.com
44,Travis,travisarnold@bogusemail.com
45,Smith,willsmith@bogusemail.com
