ID- Number,email
1,john-doe@bogusemail.com
2,maryjacobs@bogusemail.com
3,davesmith@bogusemail.com
4,janestuart@bogusemail.com
5,tomwright@bogusemail.com
6,steverobinson@bogusemail.com
7,nicolejacobs@bogusemail.com
8,janewright@bogusemail.com
9,janedoe@bogusemail.com
10,kurtwright@bogusemail.com
11,kurtrobinson@bogusemail.com
12,janejenkins@bogusemail.com
13,neilrobinson@bogusemail.com
14,tompatterson@bogusemail.com
15,samjenkins@bogusemail.com
16,stevestuart@bogusemail.com
17,maggiepatterson@bogusemail.com
18,maggiestuart@bogusemail.com
19,janedoe@bogusemail.com
20,stevepatterson@bogusemail.com
21,davesmith@bogusemail.com
22,samwilks@bogusemail.com
23,kurtjefferson@bogusemail.com
24,samstuart@bogusemail.com
25,janestuart@bogusemail.com
26,davedavis@bogusemail.com
27,sampatterson@bogusemail.com
28,tomjefferson@bogusemail.com
29,janestuart@bogusemail.com
30,maggiejefferson@bogusemail.com
31,marywilks@bogusemail.com
32,neilpatterson@bogusemail.com
33,coreydavis@bogusemail.com
34,stevejacobs@bogusemail.com
35,janejenkins@bogusemail.com
36,johnjacobs@bogusemail.com
37,neilsmith@bogusemail.com
38,coreywilks@bogusemail.com
39,coreysmith@bogusemail.com
40,marypatterson@bogusemail.com
41,janestuart@bogusemail.com
42,travisarnold@bogusemail.com
43,johnrobinson@bogusemail.com
44,travisarnold@bogusemail.com
45,willsmith@bogusemail.com
